{
  "668bb1c1-7849-45ca-afa4-076b6ad15458": {
    "training_id": "668bb1c1-7849-45ca-afa4-076b6ad15458",
    "trained_at": "2026-03-28T01:10:51.674956",
    "model_type": "ols",
    "target_column": "conversions",
    "n_samples": 50,
    "n_features": 17,
    "train_r2": 0.9863046393369466,
    "test_r2": 0.9689318130673039,
    "train_rmse": 21.54727304342919,
    "test_rmse": 21.54727304342919,
    "train_mae": 17.13584088640828,
    "test_mae": 17.13584088640828,
    "cv_r2_mean": 0.9689318130673039,
    "cv_r2_std": 0.017878721142916096,
    "intercept": 255.23943911663207,
    "coefficients": {
      "budget": -91.57215066685436,
      "impressions": 54.60733845334229,
      "clicks": 167.87054833787514,
      "ctr": 0.9535525156495043,
      "cpc": 43.31765605855687,
      "audience_type_broad": -49.755980855332986,
      "audience_type_interest": -51.3014955141302,
      "audience_type_lookalike": -40.474288584387914,
      "audience_type_retargeting": 141.53176495385102,
      "creative_type_carousel": -3.4177408098358883,
      "creative_type_image": -0.4820860224935992,
      "creative_type_video": 3.8998268323293663,
      "channel_facebook": 5.739450010039742,
      "channel_google": -7.018907899157474,
      "channel_instagram": 3.559975195046896,
      "channel_tiktok": 10.605545728405685,
      "channel_youtube": -12.886063034334649
    },
    "feature_importance": {
      "clicks": 167.87054833787514,
      "audience_type_retargeting": 141.53176495385102,
      "budget": -91.57215066685436,
      "impressions": 54.60733845334229,
      "audience_type_interest": -51.3014955141302,
      "audience_type_broad": -49.755980855332986,
      "cpc": 43.31765605855687,
      "audience_type_lookalike": -40.474288584387914,
      "channel_youtube": -12.886063034334649,
      "channel_tiktok": 10.605545728405685,
      "channel_google": -7.018907899157474,
      "channel_facebook": 5.739450010039742,
      "creative_type_video": 3.8998268323293663,
      "channel_instagram": 3.559975195046896,
      "creative_type_carousel": -3.4177408098358883,
      "ctr": 0.9535525156495043,
      "creative_type_image": -0.4820860224935992
    },
    "feature_names": [
      "budget",
      "impressions",
      "clicks",
      "ctr",
      "cpc",
      "audience_type_broad",
      "audience_type_interest",
      "audience_type_lookalike",
      "audience_type_retargeting",
      "creative_type_carousel",
      "creative_type_image",
      "creative_type_video",
      "channel_facebook",
      "channel_google",
      "channel_instagram",
      "channel_tiktok",
      "channel_youtube"
    ]
  }
}